ModalityID:ReaderID,Number of points,Axises,,,,,,,,,,,,,,,,,,,,,,,,,,,,,,,,,,,,,,,,,,,,,,,,,,,,,,,,,,,,,,,,,,,,,,,,,,,,,,,,,,,,,,,,,,,,,,,,,,,,,,,,,,,,,,,,,,,,,,,,,,,,,,,,,,,,,,,,,,,,,,,
AI_Standalone: AI,55,FPF,0.0,0.0,0.0,0.0,0.0,0.0,0.0,0.0,0.0,0.0,0.011494252873563218,0.011494252873563218,0.011494252873563218,0.011494252873563218,0.011494252873563218,0.011494252873563218,0.022988505747126436,0.034482758620689655,0.034482758620689655,0.034482758620689655,0.04597701149425287,0.05747126436781609,0.06896551724137931,0.06896551724137931,0.08045977011494253,0.09195402298850575,0.10344827586206896,0.11494252873563218,0.12643678160919541,0.14942528735632185,0.16091954022988506,0.1839080459770115,0.1839080459770115,0.19540229885057472,0.19540229885057472,0.20689655172413793,0.21839080459770116,0.22988505747126436,0.2413793103448276,0.26436781609195403,0.27586206896551724,0.28735632183908044,0.2988505747126437,0.3103448275862069,0.3218390804597701,0.3333333333333333,0.3448275862068966,0.3563218390804598,0.367816091954023,0.3793103448275862,0.3793103448275862,0.39080459770114945,0.42528735632183906,0.47126436781609193,1.0,,,,,,,,,,,,,,,,,,,,,,,,,,,,,,,,,,,,,,,,,,,,,,,,,,,,,,,,,,,,,,,,,,,,,,,,,,,,,,,,,,,,,,,,,
AI_Standalone: AI,55,TPF,0.0,0.16129032258064516,0.3978494623655914,0.5053763440860215,0.5698924731182796,0.6021505376344086,0.6559139784946236,0.6989247311827957,0.7204301075268817,0.7419354838709677,0.7419354838709677,0.7741935483870968,0.7956989247311828,0.8064516129032258,0.8387096774193549,0.8494623655913979,0.8602150537634409,0.8709677419354839,0.8817204301075269,0.8924731182795699,0.8924731182795699,0.8924731182795699,0.8924731182795699,0.9032258064516129,0.9032258064516129,0.9032258064516129,0.9032258064516129,0.9032258064516129,0.9032258064516129,0.9032258064516129,0.9032258064516129,0.9032258064516129,0.9139784946236559,0.9247311827956989,0.946236559139785,0.946236559139785,0.946236559139785,0.946236559139785,0.946236559139785,0.946236559139785,0.946236559139785,0.946236559139785,0.946236559139785,0.946236559139785,0.946236559139785,0.946236559139785,0.946236559139785,0.946236559139785,0.946236559139785,0.956989247311828,0.967741935483871,0.967741935483871,0.967741935483871,0.978494623655914,1.0,,,,,,,,,,,,,,,,,,,,,,,,,,,,,,,,,,,,,,,,,,,,,,,,,,,,,,,,,,,,,,,,,,,,,,,,,,,,,,,,,,,,,,,,,
AI_Standalone: Vertical Average,101,FPF,0.0,0.01,0.02,0.03,0.04,0.05,0.060000000000000005,0.07,0.08,0.09,0.09999999999999999,0.10999999999999999,0.11999999999999998,0.12999999999999998,0.13999999999999999,0.15,0.16,0.17,0.18000000000000002,0.19000000000000003,0.20000000000000004,0.21000000000000005,0.22000000000000006,0.23000000000000007,0.24000000000000007,0.25000000000000006,0.26000000000000006,0.2700000000000001,0.2800000000000001,0.2900000000000001,0.3000000000000001,0.3100000000000001,0.3200000000000001,0.3300000000000001,0.34000000000000014,0.35000000000000014,0.36000000000000015,0.37000000000000016,0.38000000000000017,0.3900000000000002,0.4000000000000002,0.4100000000000002,0.4200000000000002,0.4300000000000002,0.4400000000000002,0.45000000000000023,0.46000000000000024,0.47000000000000025,0.48000000000000026,0.49000000000000027,0.5000000000000002,0.5100000000000002,0.5200000000000002,0.5300000000000002,0.5400000000000003,0.5500000000000003,0.5600000000000003,0.5700000000000003,0.5800000000000003,0.5900000000000003,0.6000000000000003,0.6100000000000003,0.6200000000000003,0.6300000000000003,0.6400000000000003,0.6500000000000004,0.6600000000000004,0.6700000000000004,0.6800000000000004,0.6900000000000004,0.7000000000000004,0.7100000000000004,0.7200000000000004,0.7300000000000004,0.7400000000000004,0.7500000000000004,0.7600000000000005,0.7700000000000005,0.7800000000000005,0.7900000000000005,0.8000000000000005,0.8100000000000005,0.8200000000000005,0.8300000000000005,0.8400000000000005,0.8500000000000005,0.8600000000000005,0.8700000000000006,0.8800000000000006,0.8900000000000006,0.9000000000000006,0.9100000000000006,0.9200000000000006,0.9300000000000006,0.9400000000000006,0.9500000000000006,0.9600000000000006,0.9700000000000006,0.9800000000000006,0.9900000000000007,1.0000000000000007,,,,,,,,,,,,,,,,,,,,,,,,,,,,,,,,,,,,,,,,,,,
AI_Standalone: Vertical Average,101,TPF,0.0,0.7626344086021506,0.8448387096774194,0.8733333333333333,0.8868817204301075,0.8924731182795699,0.8936559139784946,0.8983333333333333,0.903010752688172,0.9032258064516129,0.9032258064516129,0.9032258064516129,0.9032258064516129,0.9032258064516129,0.9032258064516129,0.9032258064516129,0.9032258064516129,0.9053494623655913,0.9076881720430108,0.9228494623655914,0.9397849462365593,0.946236559139785,0.946236559139785,0.946236559139785,0.946236559139785,0.946236559139785,0.946236559139785,0.946236559139785,0.946236559139785,0.946236559139785,0.946236559139785,0.946236559139785,0.946236559139785,0.946236559139785,0.946236559139785,0.946236559139785,0.946236559139785,0.9493010752688175,0.9626881720430109,0.9673655913978496,0.967741935483871,0.967741935483871,0.967741935483871,0.9688440860215055,0.9711827956989249,0.9735215053763442,0.9758602150537635,0.9781989247311829,0.9788499298737728,0.9792566619915849,0.979663394109397,0.980070126227209,0.9804768583450211,0.9808835904628331,0.9812903225806452,0.9816970546984572,0.9821037868162693,0.9825105189340815,0.9829172510518935,0.9833239831697056,0.9837307152875177,0.9841374474053297,0.9845441795231418,0.9849509116409538,0.9853576437587659,0.985764375876578,0.98617110799439,0.9865778401122021,0.9869845722300141,0.9873913043478262,0.9877980364656382,0.9882047685834503,0.9886115007012624,0.9890182328190744,0.9894249649368865,0.9898316970546985,0.9902384291725106,0.9906451612903227,0.9910518934081347,0.9914586255259468,0.9918653576437588,0.9922720897615709,0.9926788218793829,0.993085553997195,0.9934922861150071,0.9938990182328191,0.9943057503506312,0.9947124824684432,0.9951192145862553,0.9955259467040674,0.9959326788218794,0.9963394109396915,0.9967461430575035,0.9971528751753156,0.9975596072931276,0.9979663394109398,0.9983730715287519,0.9987798036465639,0.999186535764376,0.999593267882188,1.0,,,,,,,,,,,,,,,,,,,,,,,,,,,,,,,,,,,,,,,,,,,
AI_Standalone: Horizontal Average,101,FPF,0.0,0.0,0.0,0.0,0.0,0.0,0.0,0.0,0.0,0.0,0.0,0.0,0.0,0.0,0.0,0.0,0.0,0.0,0.0,0.0,0.0,0.0,0.0,0.0,0.0,0.0,0.0,0.0,0.0,0.0,0.0,0.0,0.0,0.0,0.0,0.0,0.0,0.0,0.0,0.0,0.0,0.0,0.0,0.0,0.0,0.0,0.0,0.0,0.0,0.0,0.0,1.7972831765936126E-4,5.684430512016812E-4,9.571577847440012E-4,0.001345872518286321,0.0017345872518286412,0.0021233019853709612,0.002512016718913281,0.002900731452455601,0.003289446185997921,0.003678160919540241,0.004066875653082561,0.004455590386624881,0.004844305120167201,0.005233019853709521,0.005621734587251841,0.0060104493207941605,0.006399164054336481,0.006787878787878801,0.007176593521421121,0.007565308254963441,0.007954022988505761,0.00834273772204808,0.008731452455590401,0.00912016718913272,0.00950888192267504,0.009897596656217362,0.01028631138975968,0.010675026123302001,0.01106374085684432,0.011452455590386641,0.013228840125391933,0.015172413793103535,0.01711598746081514,0.01905956112852674,0.021003134796238342,0.022946708463949944,0.028218390804597992,0.0335632183908049,0.04333333333333395,0.07356321839080587,0.18450574712643705,0.18878160919540254,0.19305747126436806,0.20022988505747186,0.37049808429118813,0.37762452107279737,0.4349425287356348,0.5082758620689798,0.7541379310344976,1.0,,,,,,,,,,,,,,,,,,,,,,,,,,,,,,,,,,,,,,,,,,,
AI_Standalone: Horizontal Average,101,TPF,0.0,0.01,0.02,0.03,0.04,0.05,0.060000000000000005,0.07,0.08,0.09,0.09999999999999999,0.10999999999999999,0.11999999999999998,0.12999999999999998,0.13999999999999999,0.15,0.16,0.17,0.18000000000000002,0.19000000000000003,0.20000000000000004,0.21000000000000005,0.22000000000000006,0.23000000000000007,0.24000000000000007,0.25000000000000006,0.26000000000000006,0.2700000000000001,0.2800000000000001,0.2900000000000001,0.3000000000000001,0.3100000000000001,0.3200000000000001,0.3300000000000001,0.34000000000000014,0.35000000000000014,0.36000000000000015,0.37000000000000016,0.38000000000000017,0.3900000000000002,0.4000000000000002,0.4100000000000002,0.4200000000000002,0.4300000000000002,0.4400000000000002,0.45000000000000023,0.46000000000000024,0.47000000000000025,0.48000000000000026,0.49000000000000027,0.5000000000000002,0.5100000000000002,0.5200000000000002,0.5300000000000002,0.5400000000000003,0.5500000000000003,0.5600000000000003,0.5700000000000003,0.5800000000000003,0.5900000000000003,0.6000000000000003,0.6100000000000003,0.6200000000000003,0.6300000000000003,0.6400000000000003,0.6500000000000004,0.6600000000000004,0.6700000000000004,0.6800000000000004,0.6900000000000004,0.7000000000000004,0.7100000000000004,0.7200000000000004,0.7300000000000004,0.7400000000000004,0.7500000000000004,0.7600000000000005,0.7700000000000005,0.7800000000000005,0.7900000000000005,0.8000000000000005,0.8100000000000005,0.8200000000000005,0.8300000000000005,0.8400000000000005,0.8500000000000005,0.8600000000000005,0.8700000000000006,0.8800000000000006,0.8900000000000006,0.9000000000000006,0.9100000000000006,0.9200000000000006,0.9300000000000006,0.9400000000000006,0.9500000000000006,0.9600000000000006,0.9700000000000006,0.9800000000000006,0.9900000000000007,1.0000000000000007,,,,,,,,,,,,,,,,,,,,,,,,,,,,,,,,,,,,,,,,,,,
AI_Standalone: Diagonal Average,143,FPF,0.0,1.734723475976807E-18,3.469446951953614E-18,3.469446951953614E-18,6.938893903907228E-18,6.938893903907228E-18,6.938893903907228E-18,6.938893903907228E-18,1.3877787807814457E-17,0.0,1.3877787807814457E-17,1.3877787807814457E-17,1.3877787807814457E-17,1.3877787807814457E-17,1.3877787807814457E-17,1.3877787807814457E-17,2.7755575615628914E-17,1.3877787807814457E-17,2.7755575615628914E-17,2.7755575615628914E-17,0.0,2.7755575615628914E-17,2.7755575615628914E-17,2.7755575615628914E-17,2.7755575615628914E-17,2.7755575615628914E-17,2.7755575615628914E-17,2.7755575615628914E-17,2.7755575615628914E-17,2.7755575615628914E-17,2.7755575615628914E-17,2.7755575615628914E-17,2.7755575615628914E-17,5.551115123125783E-17,5.551115123125783E-17,5.551115123125783E-17,5.551115123125783E-17,5.551115123125783E-17,5.551115123125783E-17,5.551115123125783E-17,5.551115123125783E-17,0.0,5.551115123125783E-17,5.551115123125783E-17,5.551115123125783E-17,5.551115123125783E-17,5.551115123125783E-17,5.551115123125783E-17,5.551115123125783E-17,5.551115123125783E-17,5.551115123125783E-17,5.551115123125783E-17,5.551115123125783E-17,0.007597704186773135,0.01149425287356326,0.011494252873563315,0.01149425287356326,0.011494252873563315,0.01149425287356326,0.01149425287356326,0.011494252873563315,0.012379641074587444,0.019686411146848493,0.02699318121910943,0.03429995129137042,0.03448275862068961,0.040907832886673545,0.055049968510404446,0.06896551724137939,0.07258155158582347,0.08672368720955437,0.10086582283328527,0.11500795845701633,0.12915009408074724,0.1432922297044783,0.15743436532820937,0.17157650095194021,0.1839080459770115,0.18659473230302448,0.19390150237528547,0.19540229885057486,0.1992764263824227,0.21341856200615383,0.22756069762988484,0.2417028332536158,0.2558449688773467,0.2699871045010776,0.2841292401248085,0.29827137574853974,0.3124135113722706,0.32655564699600154,0.3406977826197325,0.3548399182434635,0.3684185056091616,0.3757252756814226,0.37931034482758624,0.38990308439430127,0.40404522001803234,0.41818735564176324,0.43099470751800395,0.44245630763135463,0.4539179077447052,0.46537950785805576,0.4778764124948492,0.49146582314137227,0.5050552337878955,0.5186446444344186,0.5322340550809418,0.545823465727465,0.5594128763739881,0.5730022870205111,0.5865916976670343,0.6001811083135575,0.6137705189600806,0.6273599296066039,0.6409493402531269,0.6545387508996501,0.6681281615461734,0.6817175721926965,0.6953069828392195,0.7088963934857428,0.7224858041322659,0.736075214778789,0.7496646254253122,0.7632540360718354,0.7768434467183586,0.7904328573648816,0.8040222680114048,0.8176116786579279,0.8312010893044511,0.8447904999509743,0.8583799105974974,0.8719693212440205,0.8855587318905437,0.8991481425370669,0.9127375531835901,0.9263269638301131,0.9399163744766362,0.9535057851231594,0.9670951957696826,0.9806846064162058,0.9942740170627289,1.0,
AI_Standalone: Diagonal Average,143,TPF,0.0,0.01414213562373095,0.0282842712474619,0.042426406871192854,0.0565685424949238,0.07071067811865475,0.08485281374238571,0.09899494936611666,0.1131370849898476,0.12727922061357855,0.1414213562373095,0.15556349186104046,0.16970562748477136,0.18384776310850232,0.19798989873223327,0.21213203435596423,0.2262741699796952,0.2404163056034262,0.2545584412271571,0.2687005768508881,0.28284271247461906,0.29698484809835,0.31112698372208103,0.32526911934581193,0.33941125496954294,0.35355339059327384,0.36769552621700485,0.38183766184073575,0.39597979746446677,0.41012193308819767,0.4242640687119287,0.4384062043356596,0.4525483399593906,0.46669047558312154,0.4808326112068525,0.49497474683058346,0.5091168824543144,0.5232590180780454,0.5374011537017764,0.5515432893255072,0.5656854249492382,0.5798275605729692,0.5939696961967003,0.6081118318204313,0.6222539674441621,0.6363961030678931,0.6505382386916241,0.6646803743153551,0.6788225099390859,0.6929646455628169,0.7071067811865479,0.7212489168102787,0.7353910524340097,0.7419354838709676,0.7521810708079084,0.7663232064316394,0.7804653420553704,0.7946074776791014,0.8087496133028322,0.8228917489265632,0.8370338845502943,0.850290631973001,0.8571259975244709,0.863961363075941,0.870796728627411,0.8847560569218227,0.8924731182795698,0.8924731182795698,0.8926997051723258,0.9032258064516128,0.9032258064516128,0.9032258064516129,0.9032258064516128,0.9032258064516128,0.9032258064516128,0.9032258064516127,0.9032258064516128,0.9050363970502724,0.9164918463479903,0.9233272118994604,0.935968551047902,0.946236559139785,0.9462365591397848,0.9462365591397848,0.9462365591397849,0.9462365591397849,0.9462365591397849,0.946236559139785,0.9462365591397848,0.946236559139785,0.9462365591397848,0.9462365591397848,0.9462365591397848,0.9468001073978177,0.9536354729492877,0.9641925394268549,0.9677419354838709,0.9677419354838708,0.967741935483871,0.969076719231361,0.9717572547417413,0.9744377902521217,0.9771183257625022,0.9787635567494398,0.9793162817266475,0.9798690067038553,0.9804217316810632,0.980974456658271,0.9815271816354787,0.9820799066126865,0.9826326315898944,0.9831853565671023,0.9837380815443101,0.9842908065215178,0.9848435314987256,0.9853962564759335,0.9859489814531414,0.9865017064303491,0.9870544314075569,0.9876071563847646,0.9881598813619725,0.9887126063391805,0.9892653313163882,0.989818056293596,0.9903707812708038,0.9909235062480115,0.9914762312252194,0.9920289562024271,0.992581681179635,0.9931344061568428,0.9936871311340506,0.9942398561112584,0.9947925810884662,0.9953453060656741,0.9958980310428819,0.9964507560200896,0.9970034809972975,0.9975562059745053,0.9981089309517132,0.998661655928921,0.9992143809061287,0.9997671058833365,1.0,
AI_Standalone: Pooled Average,55,FPF,0.0,0.0,0.0,0.0,0.0,0.0,0.0,0.0,0.0,0.0,0.011494252873563218,0.011494252873563218,0.011494252873563218,0.011494252873563218,0.011494252873563218,0.011494252873563218,0.022988505747126436,0.034482758620689655,0.034482758620689655,0.034482758620689655,0.04597701149425287,0.05747126436781609,0.06896551724137931,0.06896551724137931,0.08045977011494253,0.09195402298850575,0.10344827586206896,0.11494252873563218,0.12643678160919541,0.14942528735632185,0.16091954022988506,0.1839080459770115,0.1839080459770115,0.19540229885057472,0.19540229885057472,0.20689655172413793,0.21839080459770116,0.22988505747126436,0.2413793103448276,0.26436781609195403,0.27586206896551724,0.28735632183908044,0.2988505747126437,0.3103448275862069,0.3218390804597701,0.3333333333333333,0.3448275862068966,0.3563218390804598,0.367816091954023,0.3793103448275862,0.3793103448275862,0.39080459770114945,0.42528735632183906,0.47126436781609193,1.0,,,,,,,,,,,,,,,,,,,,,,,,,,,,,,,,,,,,,,,,,,,,,,,,,,,,,,,,,,,,,,,,,,,,,,,,,,,,,,,,,,,,,,,,,
AI_Standalone: Pooled Average,55,TPF,0.0,0.16129032258064516,0.3978494623655914,0.5053763440860215,0.5698924731182796,0.6021505376344086,0.6559139784946236,0.6989247311827957,0.7204301075268817,0.7419354838709677,0.7419354838709677,0.7741935483870968,0.7956989247311828,0.8064516129032258,0.8387096774193549,0.8494623655913979,0.8602150537634409,0.8709677419354839,0.8817204301075269,0.8924731182795699,0.8924731182795699,0.8924731182795699,0.8924731182795699,0.9032258064516129,0.9032258064516129,0.9032258064516129,0.9032258064516129,0.9032258064516129,0.9032258064516129,0.9032258064516129,0.9032258064516129,0.9032258064516129,0.9139784946236559,0.9247311827956989,0.946236559139785,0.946236559139785,0.946236559139785,0.946236559139785,0.946236559139785,0.946236559139785,0.946236559139785,0.946236559139785,0.946236559139785,0.946236559139785,0.946236559139785,0.946236559139785,0.946236559139785,0.946236559139785,0.946236559139785,0.956989247311828,0.967741935483871,0.967741935483871,0.967741935483871,0.978494623655914,1.0,,,,,,,,,,,,,,,,,,,,,,,,,,,,,,,,,,,,,,,,,,,,,,,,,,,,,,,,,,,,,,,,,,,,,,,,,,,,,,,,,,,,,,,,,
Aided: Reader1,10,FPF,0.0,0.011494252873563218,0.011494252873563218,0.034482758620689655,0.08045977011494253,0.11494252873563218,0.27586206896551724,0.5632183908045977,0.6551724137931034,1.0,,,,,,,,,,,,,,,,,,,,,,,,,,,,,,,,,,,,,,,,,,,,,,,,,,,,,,,,,,,,,,,,,,,,,,,,,,,,,,,,,,,,,,,,,,,,,,,,,,,,,,,,,,,,,,,,,,,,,,,,,,,,,,,,,,,,,,
Aided: Reader1,10,TPF,0.0,0.45161290322580644,0.46236559139784944,0.8279569892473119,0.8494623655913979,0.8709677419354839,0.9139784946236559,0.956989247311828,0.967741935483871,1.0,,,,,,,,,,,,,,,,,,,,,,,,,,,,,,,,,,,,,,,,,,,,,,,,,,,,,,,,,,,,,,,,,,,,,,,,,,,,,,,,,,,,,,,,,,,,,,,,,,,,,,,,,,,,,,,,,,,,,,,,,,,,,,,,,,,,,,
Aided: Reader2,9,FPF,0.0,0.011494252873563218,0.022988505747126436,0.04597701149425287,0.12643678160919541,0.1724137931034483,0.6551724137931034,0.9195402298850575,1.0,,,,,,,,,,,,,,,,,,,,,,,,,,,,,,,,,,,,,,,,,,,,,,,,,,,,,,,,,,,,,,,,,,,,,,,,,,,,,,,,,,,,,,,,,,,,,,,,,,,,,,,,,,,,,,,,,,,,,,,,,,,,,,,,,,,,,,,
Aided: Reader2,9,TPF,0.0,0.45161290322580644,0.7956989247311828,0.8494623655913979,0.8709677419354839,0.9247311827956989,0.978494623655914,1.0,1.0,,,,,,,,,,,,,,,,,,,,,,,,,,,,,,,,,,,,,,,,,,,,,,,,,,,,,,,,,,,,,,,,,,,,,,,,,,,,,,,,,,,,,,,,,,,,,,,,,,,,,,,,,,,,,,,,,,,,,,,,,,,,,,,,,,,,,,,
Aided: Reader3,10,FPF,0.0,0.011494252873563218,0.011494252873563218,0.022988505747126436,0.05747126436781609,0.08045977011494253,0.12643678160919541,0.9310344827586207,0.9540229885057471,1.0,,,,,,,,,,,,,,,,,,,,,,,,,,,,,,,,,,,,,,,,,,,,,,,,,,,,,,,,,,,,,,,,,,,,,,,,,,,,,,,,,,,,,,,,,,,,,,,,,,,,,,,,,,,,,,,,,,,,,,,,,,,,,,,,,,,,,,
Aided: Reader3,10,TPF,0.0,0.3655913978494624,0.41935483870967744,0.7849462365591398,0.8387096774193549,0.8494623655913979,0.9139784946236559,1.0,1.0,1.0,,,,,,,,,,,,,,,,,,,,,,,,,,,,,,,,,,,,,,,,,,,,,,,,,,,,,,,,,,,,,,,,,,,,,,,,,,,,,,,,,,,,,,,,,,,,,,,,,,,,,,,,,,,,,,,,,,,,,,,,,,,,,,,,,,,,,,
Aided: Reader4,10,FPF,0.0,0.05747126436781609,0.06896551724137931,0.14942528735632185,0.1839080459770115,0.28735632183908044,0.4827586206896552,0.896551724137931,0.9655172413793104,1.0,,,,,,,,,,,,,,,,,,,,,,,,,,,,,,,,,,,,,,,,,,,,,,,,,,,,,,,,,,,,,,,,,,,,,,,,,,,,,,,,,,,,,,,,,,,,,,,,,,,,,,,,,,,,,,,,,,,,,,,,,,,,,,,,,,,,,,
Aided: Reader4,10,TPF,0.0,0.4838709677419355,0.5053763440860215,0.8172043010752689,0.8172043010752689,0.8817204301075269,0.9139784946236559,0.967741935483871,0.989247311827957,1.0,,,,,,,,,,,,,,,,,,,,,,,,,,,,,,,,,,,,,,,,,,,,,,,,,,,,,,,,,,,,,,,,,,,,,,,,,,,,,,,,,,,,,,,,,,,,,,,,,,,,,,,,,,,,,,,,,,,,,,,,,,,,,,,,,,,,,,
Aided: Reader5,6,FPF,0.0,0.034482758620689655,0.08045977011494253,0.20689655172413793,0.7931034482758621,1.0,,,,,,,,,,,,,,,,,,,,,,,,,,,,,,,,,,,,,,,,,,,,,,,,,,,,,,,,,,,,,,,,,,,,,,,,,,,,,,,,,,,,,,,,,,,,,,,,,,,,,,,,,,,,,,,,,,,,,,,,,,,,,,,,,,,,,,,,,,
Aided: Reader5,6,TPF,0.0,0.3763440860215054,0.6021505376344086,0.7741935483870968,0.989247311827957,1.0,,,,,,,,,,,,,,,,,,,,,,,,,,,,,,,,,,,,,,,,,,,,,,,,,,,,,,,,,,,,,,,,,,,,,,,,,,,,,,,,,,,,,,,,,,,,,,,,,,,,,,,,,,,,,,,,,,,,,,,,,,,,,,,,,,,,,,,,,,
Aided: Reader6,9,FPF,0.0,0.011494252873563218,0.022988505747126436,0.09195402298850575,0.12643678160919541,0.45977011494252873,0.7011494252873564,0.9540229885057471,1.0,,,,,,,,,,,,,,,,,,,,,,,,,,,,,,,,,,,,,,,,,,,,,,,,,,,,,,,,,,,,,,,,,,,,,,,,,,,,,,,,,,,,,,,,,,,,,,,,,,,,,,,,,,,,,,,,,,,,,,,,,,,,,,,,,,,,,,,
Aided: Reader6,9,TPF,0.0,0.3118279569892473,0.45161290322580644,0.7204301075268817,0.8387096774193549,0.9247311827956989,1.0,1.0,1.0,,,,,,,,,,,,,,,,,,,,,,,,,,,,,,,,,,,,,,,,,,,,,,,,,,,,,,,,,,,,,,,,,,,,,,,,,,,,,,,,,,,,,,,,,,,,,,,,,,,,,,,,,,,,,,,,,,,,,,,,,,,,,,,,,,,,,,,
Aided: Reader7,10,FPF,0.0,0.0,0.0,0.034482758620689655,0.034482758620689655,0.09195402298850575,0.22988505747126436,0.5977011494252874,0.8275862068965517,1.0,,,,,,,,,,,,,,,,,,,,,,,,,,,,,,,,,,,,,,,,,,,,,,,,,,,,,,,,,,,,,,,,,,,,,,,,,,,,,,,,,,,,,,,,,,,,,,,,,,,,,,,,,,,,,,,,,,,,,,,,,,,,,,,,,,,,,,
Aided: Reader7,10,TPF,0.0,0.2903225806451613,0.3870967741935484,0.6129032258064516,0.7311827956989247,0.7741935483870968,0.8494623655913979,0.956989247311828,0.967741935483871,1.0,,,,,,,,,,,,,,,,,,,,,,,,,,,,,,,,,,,,,,,,,,,,,,,,,,,,,,,,,,,,,,,,,,,,,,,,,,,,,,,,,,,,,,,,,,,,,,,,,,,,,,,,,,,,,,,,,,,,,,,,,,,,,,,,,,,,,,
Aided: Vertical Average,101,FPF,0.0,0.01,0.02,0.03,0.04,0.05,0.060000000000000005,0.07,0.08,0.09,0.09999999999999999,0.10999999999999999,0.11999999999999998,0.12999999999999998,0.13999999999999999,0.15,0.16,0.17,0.18000000000000002,0.19000000000000003,0.20000000000000004,0.21000000000000005,0.22000000000000006,0.23000000000000007,0.24000000000000007,0.25000000000000006,0.26000000000000006,0.2700000000000001,0.2800000000000001,0.2900000000000001,0.3000000000000001,0.3100000000000001,0.3200000000000001,0.3300000000000001,0.34000000000000014,0.35000000000000014,0.36000000000000015,0.37000000000000016,0.38000000000000017,0.3900000000000002,0.4000000000000002,0.4100000000000002,0.4200000000000002,0.4300000000000002,0.4400000000000002,0.45000000000000023,0.46000000000000024,0.47000000000000025,0.48000000000000026,0.49000000000000027,0.5000000000000002,0.5100000000000002,0.5200000000000002,0.5300000000000002,0.5400000000000003,0.5500000000000003,0.5600000000000003,0.5700000000000003,0.5800000000000003,0.5900000000000003,0.6000000000000003,0.6100000000000003,0.6200000000000003,0.6300000000000003,0.6400000000000003,0.6500000000000004,0.6600000000000004,0.6700000000000004,0.6800000000000004,0.6900000000000004,0.7000000000000004,0.7100000000000004,0.7200000000000004,0.7300000000000004,0.7400000000000004,0.7500000000000004,0.7600000000000005,0.7700000000000005,0.7800000000000005,0.7900000000000005,0.8000000000000005,0.8100000000000005,0.8200000000000005,0.8300000000000005,0.8400000000000005,0.8500000000000005,0.8600000000000005,0.8700000000000006,0.8800000000000006,0.8900000000000006,0.9000000000000006,0.9100000000000006,0.9200000000000006,0.9300000000000006,0.9400000000000006,0.9500000000000006,0.9600000000000006,0.9700000000000006,0.9800000000000006,0.9900000000000007,1.0000000000000007,,,,,,,,,,,,,,,,,,,,,,,,,,,,,,,,,,,,,,,,,,,
Aided: Vertical Average,101,TPF,0.0,0.27882488479262674,0.4671351766513057,0.576652585765489,0.631068100358423,0.6632654889912954,0.6909343135103505,0.7107452636968767,0.7331236924877478,0.7521505176850799,0.7690624147997419,0.7854999135529089,0.8016799329702556,0.8157929757267116,0.8266266781226259,0.8371421887256941,0.8424393539260853,0.8477365191264762,0.8518870966595423,0.856215605580217,0.8608922967845581,0.8651283659922999,0.8683852752075988,0.8716380241566408,0.8745329902075774,0.8774279562585139,0.8803229223094504,0.8832178883603866,0.8860433349906518,0.8885971082203739,0.8906689682547101,0.8927408282890463,0.8948126883233828,0.896884548357719,0.8989564083920555,0.9010282684263916,0.9031001284607278,0.9051719884950644,0.9072438485294007,0.909315708563737,0.9113875685980732,0.9134594286324095,0.9155312886667459,0.9176031487010823,0.9196750087354185,0.9217468687697549,0.9238204944343328,0.925969159384184,0.9281178243340348,0.9302301198974214,0.9323285604564406,0.9344270010154601,0.9365254415744794,0.9386238821334986,0.940722322692518,0.9428207632515372,0.9449192038105565,0.9469859239394685,0.9490375903049392,0.9510892566704102,0.9530602778745907,0.9547611377884487,0.9564619977023069,0.9581628576161648,0.959863717530023,0.9615645774438809,0.9632286043917333,0.9648531674474372,0.966477730503141,0.9681022935588448,0.9697268566145487,0.9709571544372776,0.9721362489829967,0.9733153435287158,0.9744944380744351,0.9756735326201543,0.9768526271658734,0.9780317217115926,0.9792108162573118,0.980389910803031,0.9812587737292205,0.9819880324266218,0.9827172911240233,0.9834949369181988,0.9844246564450934,0.9853543759719877,0.9862840954988822,0.9872138150257765,0.9881435345526709,0.9890732540795655,0.990092579341227,0.9912821554989458,0.99246638870602,0.9935397556872212,0.9944761904761906,0.9953968253968254,0.9963174603174603,0.9972380952380953,0.9981587301587302,0.9990793650793651,1.0,,,,,,,,,,,,,,,,,,,,,,,,,,,,,,,,,,,,,,,,,,,
Aided: Horizontal Average,101,FPF,0.0,4.67358368971574E-4,9.34716737943148E-4,0.0014020751069147217,0.001869433475886296,0.00233679184485787,0.002804150213829444,0.003271508582801018,0.003738866951772592,0.004206225320744166,0.00467358368971574,0.005140942058687314,0.005608300427658887,0.006075658796630461,0.006543017165602035,0.0070103755345736095,0.007477733903545184,0.007945092272516758,0.008412450641488331,0.008879809010459908,0.009347167379431481,0.009814525748403056,0.010281884117374629,0.010795536034924754,0.011373286712045181,0.011951037389165604,0.012528788066286033,0.013106538743406459,0.013684289420526885,0.01426204009764731,0.014839790774767736,0.015417541451888162,0.016048255416216822,0.016690816431631533,0.017333377447046248,0.01797593846246096,0.01861849947787567,0.01926106049329038,0.01996210927162636,0.020764651520913936,0.021567193770201498,0.022369736019489075,0.02317227826877665,0.023974820518064217,0.02477736276735179,0.02557990501663936,0.026616679154584454,0.02773221298327394,0.028847746811963424,0.030327265314982428,0.03203666887547267,0.033563466694498674,0.03487793225600812,0.03619239781751756,0.03750686337902701,0.03882132894053646,0.040135794502045914,0.04145026006355535,0.0427647256250648,0.04407919118657426,0.0453936567480837,0.04730389797618164,0.049377365414303806,0.05145083285242597,0.05352430029054813,0.0555977677286703,0.057671235166792456,0.059744702604914615,0.06236986086127476,0.06513666946285813,0.0679034780644415,0.07067028666602489,0.07343709526760824,0.07625173190322655,0.07906851811340822,0.08188530432358988,0.08470209053377155,0.08751887674395323,0.09304051313377142,0.10095756259148418,0.10954932019414601,0.11846199323194738,0.1328381168104883,0.144278708975754,0.159015482054892,0.18029898741105774,0.20555966064586895,0.2308203338806801,0.2551154898741119,0.2845753968253986,0.3151299945265481,0.3456845922276976,0.3876108374384269,0.4426625615763586,0.5027536945812846,0.5628448275862107,0.6314646962233226,0.713952380952385,0.7768177339901522,0.8454802955665086,1.0,,,,,,,,,,,,,,,,,,,,,,,,,,,,,,,,,,,,,,,,,,,
Aided: Horizontal Average,101,TPF,0.0,0.01,0.02,0.03,0.04,0.05,0.060000000000000005,0.07,0.08,0.09,0.09999999999999999,0.10999999999999999,0.11999999999999998,0.12999999999999998,0.13999999999999999,0.15,0.16,0.17,0.18000000000000002,0.19000000000000003,0.20000000000000004,0.21000000000000005,0.22000000000000006,0.23000000000000007,0.24000000000000007,0.25000000000000006,0.26000000000000006,0.2700000000000001,0.2800000000000001,0.2900000000000001,0.3000000000000001,0.3100000000000001,0.3200000000000001,0.3300000000000001,0.34000000000000014,0.35000000000000014,0.36000000000000015,0.37000000000000016,0.38000000000000017,0.3900000000000002,0.4000000000000002,0.4100000000000002,0.4200000000000002,0.4300000000000002,0.4400000000000002,0.45000000000000023,0.46000000000000024,0.47000000000000025,0.48000000000000026,0.49000000000000027,0.5000000000000002,0.5100000000000002,0.5200000000000002,0.5300000000000002,0.5400000000000003,0.5500000000000003,0.5600000000000003,0.5700000000000003,0.5800000000000003,0.5900000000000003,0.6000000000000003,0.6100000000000003,0.6200000000000003,0.6300000000000003,0.6400000000000003,0.6500000000000004,0.6600000000000004,0.6700000000000004,0.6800000000000004,0.6900000000000004,0.7000000000000004,0.7100000000000004,0.7200000000000004,0.7300000000000004,0.7400000000000004,0.7500000000000004,0.7600000000000005,0.7700000000000005,0.7800000000000005,0.7900000000000005,0.8000000000000005,0.8100000000000005,0.8200000000000005,0.8300000000000005,0.8400000000000005,0.8500000000000005,0.8600000000000005,0.8700000000000006,0.8800000000000006,0.8900000000000006,0.9000000000000006,0.9100000000000006,0.9200000000000006,0.9300000000000006,0.9400000000000006,0.9500000000000006,0.9600000000000006,0.9700000000000006,0.9800000000000006,0.9900000000000007,1.0000000000000007,,,,,,,,,,,,,,,,,,,,,,,,,,,,,,,,,,,,,,,,,,,
Aided: Diagonal Average,143,FPF,0.0,6.177514778238306E-4,0.0012355029556476611,0.0018532544334714865,0.0024710059112953223,0.003088757389119151,0.00370650886694298,0.004324260344766809,0.0049420118225906445,0.005559763300414466,0.006177514778238302,0.006795266256062138,0.00741301773388596,0.008030769211709782,0.008648520689533618,0.009266272167357426,0.009884023645181289,0.010501775123005125,0.011119526600828933,0.011737278078652769,0.012355029556476577,0.01297278103430044,0.013590532512124276,0.014219528764350065,0.014918961042457463,0.015618393320564805,0.016317825598672203,0.01699656503443528,0.01780253058323375,0.018708027562396867,0.01977713768967479,0.020887738680470197,0.022027014444268966,0.023157426932400416,0.024434764397837094,0.025917566335033254,0.027400368272229497,0.028883170209425657,0.030365972146621845,0.032201658124027505,0.03417367738944191,0.036033466585816354,0.037716156672511436,0.03939884675920646,0.041081536845901434,0.042764226932596405,0.04438725897155088,0.04580230180285172,0.0472173446341525,0.049008744985133246,0.05093782349715137,0.0528669020091696,0.05479598052118778,0.05672505903320613,0.05865413754522425,0.061576123422960094,0.06466072698594211,0.06774533054892412,0.07154707147117095,0.07594289945862404,0.08033872744607723,0.0847550444580093,0.09052208951471952,0.09632639173771929,0.10317620002728578,0.11055661574834041,0.11777365879766827,0.12448608904578917,0.13119851929390997,0.1398199431832876,0.14977790726298884,0.15974134736979512,0.16874280240836387,0.17774425744693262,0.18717055737234162,0.19715652009011037,0.20714248280787906,0.21730233589078235,0.22791701864589042,0.2390457882750603,0.2501745579042301,0.26130332753339985,0.27243209716256966,0.2837243393230853,0.29534285545092437,0.3071025244025022,0.3188841161105975,0.330665707818693,0.3424472995267884,0.3542288912348838,0.3660104829429791,0.37779207465107456,0.38957366635917,0.40135525806726546,0.4131368497753608,0.42491844148345614,0.4367000331915516,0.44848162489964705,0.4602565709890837,0.47198506853291794,0.48375479901668605,0.4955245295004542,0.5072942599842224,0.5190639904679906,0.5308337209517586,0.5426034514355268,0.554373181919295,0.566142912403063,0.5779386614572634,0.5897599049853361,0.6016056419786203,0.613793621224211,0.6259816004698016,0.6381695797153921,0.6503575589609827,0.6625549238536451,0.674805927201031,0.6870830579960963,0.6993601887911611,0.7116373195862263,0.7239144503812914,0.736532823061999,0.7492901903126709,0.7620475575633426,0.7748049248140145,0.7875622920646864,0.8003196593153583,0.8134939719911343,0.8264656248159736,0.8394372776408129,0.8524089304656522,0.8653805832904915,0.8783089654181823,0.8910326928404839,0.9037564202627856,0.9164801476850872,0.9292446074525169,0.9422091493570534,0.9552799917730708,0.9683508341890882,0.9814216766051056,0.9944925190211229,1.0,
Aided: Diagonal Average,143,TPF,0.0,0.013524384145907122,0.027048768291814244,0.04057315243772136,0.05409753658362849,0.06762192072953561,0.08114630487544273,0.09467068902134985,0.10819507316725697,0.1217194573131641,0.1352438414590712,0.14876822560497832,0.16229260975088544,0.17581699389679256,0.18934137804269968,0.20286576218860683,0.21639014633451395,0.22991453048042107,0.24343891462632822,0.25696329877223534,0.2704876829181425,0.28401206706404963,0.29753645120995675,0.31104959058146187,0.32449229392708545,0.33793499727270904,0.3513777006183326,0.3648410968063005,0.378177266881233,0.39141390552580085,0.40448693102225386,0.41751846565518946,0.4305213255151216,0.4435330486507212,0.4563978468090154,0.46905718049555023,0.481716514182085,0.49437584786861977,0.5070351815551546,0.5193416312014798,0.5315117475597965,0.543794093987153,0.5562535395241888,0.5687129850612248,0.5811724305982607,0.5936318761352968,0.6061509797200733,0.6188780725125034,0.6316051653049335,0.6439559005776838,0.6561689576893965,0.6683820148011093,0.680595071912822,0.6928081290245347,0.7050211861362474,0.7162413358822426,0.7272988679429915,0.7383564000037406,0.7486967947052245,0.7584431023415026,0.7681894099777803,0.7779152285895792,0.7862903191566,0.7946281525573311,0.8019204798914956,0.8086821997941719,0.8156072923685751,0.8230369977441852,0.8304667031197952,0.8359874148541486,0.8401715863981782,0.844350281915103,0.8494909625002651,0.8546316430854274,0.8593474787837494,0.8635036516897117,0.8676598245956739,0.8716421071365015,0.8751695600051244,0.8781829259996856,0.8811962919942468,0.8842096579888078,0.8872230239833689,0.8900729174465845,0.8925965369424763,0.8949790036146295,0.897339547530265,0.8997000914459006,0.9020606353615361,0.9044211792771717,0.9067817231928073,0.9091422671084427,0.9115028110240784,0.9138633549397139,0.9162238988553495,0.918584442770985,0.9209449866866206,0.9233055306022562,0.9256727201365504,0.928086358216447,0.9304587633564099,0.9328311684963727,0.9352035736363356,0.9375759787762984,0.9399483839162612,0.942320789056224,0.9446931941961869,0.9470655993361498,0.9494119859056804,0.9517328780013384,0.9540292766317853,0.9559834330099257,0.9579375893880661,0.9598917457662063,0.9618459021443467,0.9637906728754153,0.9656818051517604,0.9675468099804262,0.969411814809092,0.9712768196377579,0.9731418244664238,0.9746655874094473,0.9760503557825064,0.9774351241555654,0.9788198925286247,0.9802046609016837,0.9815894292747427,0.9825572522226976,0.9837277350215894,0.984898217820481,0.9860687006193727,0.9872391834182643,0.9884529369143045,0.9898713451157338,0.9912897533171632,0.9927081615185924,0.9940858373748938,0.9952634310940882,0.9963347243018018,0.9974060175095154,0.9984773107172289,0.9995486039249425,1.0,
Aided: Pooled Average,10,FPF,0.0,0.019704433497536946,0.022988505747126436,0.06239737274220033,0.08702791461412152,0.19540229885057472,0.3136288998357964,0.7701149425287356,0.8669950738916257,1.0,,,,,,,,,,,,,,,,,,,,,,,,,,,,,,,,,,,,,,,,,,,,,,,,,,,,,,,,,,,,,,,,,,,,,,,,,,,,,,,,,,,,,,,,,,,,,,,,,,,,,,,,,,,,,,,,,,,,,,,,,,,,,,,,,,,,,,
Aided: Pooled Average,10,TPF,0.0,0.3901689708141321,0.4362519201228879,0.7373271889400922,0.7895545314900153,0.8494623655913979,0.8986175115207373,0.978494623655914,0.9877112135176651,1.0,,,,,,,,,,,,,,,,,,,,,,,,,,,,,,,,,,,,,,,,,,,,,,,,,,,,,,,,,,,,,,,,,,,,,,,,,,,,,,,,,,,,,,,,,,,,,,,,,,,,,,,,,,,,,,,,,,,,,,,,,,,,,,,,,,,,,,
Unaided: Reader1,10,FPF,0.0,0.011494252873563218,0.011494252873563218,0.034482758620689655,0.06896551724137931,0.13793103448275862,0.22988505747126436,0.5632183908045977,0.6666666666666666,1.0,,,,,,,,,,,,,,,,,,,,,,,,,,,,,,,,,,,,,,,,,,,,,,,,,,,,,,,,,,,,,,,,,,,,,,,,,,,,,,,,,,,,,,,,,,,,,,,,,,,,,,,,,,,,,,,,,,,,,,,,,,,,,,,,,,,,,,
Unaided: Reader1,10,TPF,0.0,0.3225806451612903,0.3548387096774194,0.7096774193548387,0.7634408602150538,0.8387096774193549,0.8602150537634409,0.946236559139785,0.956989247311828,1.0,,,,,,,,,,,,,,,,,,,,,,,,,,,,,,,,,,,,,,,,,,,,,,,,,,,,,,,,,,,,,,,,,,,,,,,,,,,,,,,,,,,,,,,,,,,,,,,,,,,,,,,,,,,,,,,,,,,,,,,,,,,,,,,,,,,,,,
Unaided: Reader2,10,FPF,0.0,0.05747126436781609,0.06896551724137931,0.09195402298850575,0.1839080459770115,0.22988505747126436,0.42528735632183906,0.8620689655172413,0.9310344827586207,1.0,,,,,,,,,,,,,,,,,,,,,,,,,,,,,,,,,,,,,,,,,,,,,,,,,,,,,,,,,,,,,,,,,,,,,,,,,,,,,,,,,,,,,,,,,,,,,,,,,,,,,,,,,,,,,,,,,,,,,,,,,,,,,,,,,,,,,,
Unaided: Reader2,10,TPF,0.0,0.25806451612903225,0.5053763440860215,0.7311827956989247,0.8387096774193549,0.8602150537634409,0.8924731182795699,0.978494623655914,0.989247311827957,1.0,,,,,,,,,,,,,,,,,,,,,,,,,,,,,,,,,,,,,,,,,,,,,,,,,,,,,,,,,,,,,,,,,,,,,,,,,,,,,,,,,,,,,,,,,,,,,,,,,,,,,,,,,,,,,,,,,,,,,,,,,,,,,,,,,,,,,,
Unaided: Reader3,10,FPF,0.0,0.011494252873563218,0.011494252873563218,0.022988505747126436,0.04597701149425287,0.10344827586206896,0.22988505747126436,0.5402298850574713,0.7701149425287356,1.0,,,,,,,,,,,,,,,,,,,,,,,,,,,,,,,,,,,,,,,,,,,,,,,,,,,,,,,,,,,,,,,,,,,,,,,,,,,,,,,,,,,,,,,,,,,,,,,,,,,,,,,,,,,,,,,,,,,,,,,,,,,,,,,,,,,,,,
Unaided: Reader3,10,TPF,0.0,0.34408602150537637,0.43010752688172044,0.6989247311827957,0.7526881720430108,0.8279569892473119,0.8602150537634409,0.9354838709677419,0.967741935483871,1.0,,,,,,,,,,,,,,,,,,,,,,,,,,,,,,,,,,,,,,,,,,,,,,,,,,,,,,,,,,,,,,,,,,,,,,,,,,,,,,,,,,,,,,,,,,,,,,,,,,,,,,,,,,,,,,,,,,,,,,,,,,,,,,,,,,,,,,
Unaided: Reader4,10,FPF,0.0,0.14942528735632185,0.19540229885057472,0.3103448275862069,0.3333333333333333,0.6206896551724138,0.6436781609195402,0.9310344827586207,0.9655172413793104,1.0,,,,,,,,,,,,,,,,,,,,,,,,,,,,,,,,,,,,,,,,,,,,,,,,,,,,,,,,,,,,,,,,,,,,,,,,,,,,,,,,,,,,,,,,,,,,,,,,,,,,,,,,,,,,,,,,,,,,,,,,,,,,,,,,,,,,,,
Unaided: Reader4,10,TPF,0.0,0.3763440860215054,0.3870967741935484,0.7741935483870968,0.7956989247311828,0.9247311827956989,0.946236559139785,1.0,1.0,1.0,,,,,,,,,,,,,,,,,,,,,,,,,,,,,,,,,,,,,,,,,,,,,,,,,,,,,,,,,,,,,,,,,,,,,,,,,,,,,,,,,,,,,,,,,,,,,,,,,,,,,,,,,,,,,,,,,,,,,,,,,,,,,,,,,,,,,,
Unaided: Reader5,8,FPF,0.0,0.034482758620689655,0.06896551724137931,0.08045977011494253,0.26436781609195403,0.27586206896551724,0.7471264367816092,1.0,,,,,,,,,,,,,,,,,,,,,,,,,,,,,,,,,,,,,,,,,,,,,,,,,,,,,,,,,,,,,,,,,,,,,,,,,,,,,,,,,,,,,,,,,,,,,,,,,,,,,,,,,,,,,,,,,,,,,,,,,,,,,,,,,,,,,,,,
Unaided: Reader5,8,TPF,0.0,0.25806451612903225,0.3548387096774194,0.3655913978494624,0.6021505376344086,0.6559139784946236,0.8817204301075269,1.0,,,,,,,,,,,,,,,,,,,,,,,,,,,,,,,,,,,,,,,,,,,,,,,,,,,,,,,,,,,,,,,,,,,,,,,,,,,,,,,,,,,,,,,,,,,,,,,,,,,,,,,,,,,,,,,,,,,,,,,,,,,,,,,,,,,,,,,,
Unaided: Reader6,9,FPF,0.0,0.022988505747126436,0.034482758620689655,0.05747126436781609,0.1839080459770115,0.45977011494252873,0.7126436781609196,0.9425287356321839,1.0,,,,,,,,,,,,,,,,,,,,,,,,,,,,,,,,,,,,,,,,,,,,,,,,,,,,,,,,,,,,,,,,,,,,,,,,,,,,,,,,,,,,,,,,,,,,,,,,,,,,,,,,,,,,,,,,,,,,,,,,,,,,,,,,,,,,,,,
Unaided: Reader6,9,TPF,0.0,0.24731182795698925,0.45161290322580644,0.6559139784946236,0.7849462365591398,0.9032258064516129,0.946236559139785,1.0,1.0,,,,,,,,,,,,,,,,,,,,,,,,,,,,,,,,,,,,,,,,,,,,,,,,,,,,,,,,,,,,,,,,,,,,,,,,,,,,,,,,,,,,,,,,,,,,,,,,,,,,,,,,,,,,,,,,,,,,,,,,,,,,,,,,,,,,,,,
Unaided: Reader7,10,FPF,0.0,0.0,0.022988505747126436,0.05747126436781609,0.10344827586206896,0.13793103448275862,0.26436781609195403,0.5287356321839081,0.6781609195402298,1.0,,,,,,,,,,,,,,,,,,,,,,,,,,,,,,,,,,,,,,,,,,,,,,,,,,,,,,,,,,,,,,,,,,,,,,,,,,,,,,,,,,,,,,,,,,,,,,,,,,,,,,,,,,,,,,,,,,,,,,,,,,,,,,,,,,,,,,
Unaided: Reader7,10,TPF,0.0,0.20430107526881722,0.25806451612903225,0.5268817204301075,0.6344086021505376,0.6774193548387096,0.7311827956989247,0.8709677419354839,0.9139784946236559,1.0,,,,,,,,,,,,,,,,,,,,,,,,,,,,,,,,,,,,,,,,,,,,,,,,,,,,,,,,,,,,,,,,,,,,,,,,,,,,,,,,,,,,,,,,,,,,,,,,,,,,,,,,,,,,,,,,,,,,,,,,,,,,,,,,,,,,,,
Unaided: Vertical Average,101,FPF,0.0,0.01,0.02,0.03,0.04,0.05,0.060000000000000005,0.07,0.08,0.09,0.09999999999999999,0.10999999999999999,0.11999999999999998,0.12999999999999998,0.13999999999999999,0.15,0.16,0.17,0.18000000000000002,0.19000000000000003,0.20000000000000004,0.21000000000000005,0.22000000000000006,0.23000000000000007,0.24000000000000007,0.25000000000000006,0.26000000000000006,0.2700000000000001,0.2800000000000001,0.2900000000000001,0.3000000000000001,0.3100000000000001,0.3200000000000001,0.3300000000000001,0.34000000000000014,0.35000000000000014,0.36000000000000015,0.37000000000000016,0.38000000000000017,0.3900000000000002,0.4000000000000002,0.4100000000000002,0.4200000000000002,0.4300000000000002,0.4400000000000002,0.45000000000000023,0.46000000000000024,0.47000000000000025,0.48000000000000026,0.49000000000000027,0.5000000000000002,0.5100000000000002,0.5200000000000002,0.5300000000000002,0.5400000000000003,0.5500000000000003,0.5600000000000003,0.5700000000000003,0.5800000000000003,0.5900000000000003,0.6000000000000003,0.6100000000000003,0.6200000000000003,0.6300000000000003,0.6400000000000003,0.6500000000000004,0.6600000000000004,0.6700000000000004,0.6800000000000004,0.6900000000000004,0.7000000000000004,0.7100000000000004,0.7200000000000004,0.7300000000000004,0.7400000000000004,0.7500000000000004,0.7600000000000005,0.7700000000000005,0.7800000000000005,0.7900000000000005,0.8000000000000005,0.8100000000000005,0.8200000000000005,0.8300000000000005,0.8400000000000005,0.8500000000000005,0.8600000000000005,0.8700000000000006,0.8800000000000006,0.8900000000000006,0.9000000000000006,0.9100000000000006,0.9200000000000006,0.9300000000000006,0.9400000000000006,0.9500000000000006,0.9600000000000006,0.9700000000000006,0.9800000000000006,0.9900000000000007,1.0000000000000007,,,,,,,,,,,,,,,,,,,,,,,,,,,,,,,,,,,,,,,,,,,
Unaided: Vertical Average,101,TPF,0.0,0.15056191657804563,0.2623757532789791,0.3531578439481665,0.41460301705462993,0.4574345188861318,0.5007248020796408,0.5458928490863975,0.5730885458627394,0.6007623532381597,0.6185129655290945,0.6318395448637383,0.6441090092702996,0.6563784736768606,0.6681514990385958,0.6778339268258623,0.6844400223432482,0.6910461178606341,0.6976522133780199,0.7031327095843224,0.709949494949495,0.7191848671042219,0.728420239258949,0.7376508320687256,0.7464704012127729,0.7552899703568203,0.7641095395008677,0.7757409047263464,0.7870711110883394,0.7948855256103864,0.8026999401324335,0.8105143546544803,0.8149739304668501,0.8193136906110168,0.8231901635047997,0.8268349927733905,0.8304798220419812,0.834124651310572,0.8377694805791628,0.8414143098477537,0.8450591391163444,0.8487039683849351,0.8523487976535262,0.856015075229793,0.8597054167610139,0.8633957582922347,0.8670776047343153,0.8703984098879352,0.8737192150415549,0.877040020195175,0.8803608253487949,0.8836816305024148,0.8870024356560345,0.8902797265866171,0.8932563737943962,0.896090362983173,0.898920995512679,0.9016023145780776,0.904212773016442,0.9068232314548064,0.9094336898931707,0.912044148331535,0.9146546067698994,0.9179120698165588,0.9212174591304991,0.9238469651879111,0.9260832300778883,0.9283314423991679,0.930598147918664,0.9328408835524392,0.9350836191862145,0.9373263548199897,0.939636120198214,0.9419699743908497,0.9443038285834854,0.9466329995495653,0.9489505561137869,0.9512681126780086,0.95358566924223,0.9559032258064519,0.9582207823706733,0.9605383389348949,0.9628558954991165,0.965173452063338,0.9674910086275599,0.9698085651917815,0.972126121756003,0.9743971911345184,0.9766561334211105,0.9789150757077026,0.9811740179942946,0.9834329602808868,0.9856919025674787,0.9879508448540708,0.9899701558042573,0.9917122010094361,0.993369760807549,0.9950273206056617,0.9966848804037746,0.9983424402018873,1.0,,,,,,,,,,,,,,,,,,,,,,,,,,,,,,,,,,,,,,,,,,,
Unaided: Horizontal Average,101,FPF,0.0,0.0012999265673285809,0.0025998531346571618,0.003899779701985742,0.0051997062693143236,0.006499632836642903,0.007799559403971485,0.009099485971300064,0.010399412538628647,0.011699339105957223,0.012999265673285807,0.014464528291800617,0.015975088458585623,0.017485648625370633,0.018996208792155644,0.020506768958940658,0.02201732912572567,0.02352788929251068,0.025038449459295693,0.026549009626080703,0.028059569792865717,0.02957012995965072,0.031080690126435735,0.03259125029322075,0.034101810460005766,0.03559827992777938,0.037063973598592766,0.038561129370867746,0.04005828514314273,0.041555440915417706,0.04305259668769269,0.04454975245996767,0.04604690823224265,0.04754406400451764,0.049046387261077684,0.050583591036561945,0.05264624637198053,0.05501790305088321,0.05918249257690603,0.06521517321571145,0.0672211849229729,0.06922719663023436,0.0712332083374958,0.07323922004475725,0.0752452317520187,0.07725124345928014,0.0793246650706121,0.08141105012503456,0.083497435179457,0.08558382023387948,0.08767020528830191,0.08979313669539836,0.0919585638614181,0.09425732436077115,0.09685033773368741,0.0994433511066037,0.10203636447951994,0.10462937785243621,0.1072223912253525,0.10981540459826876,0.11240841797118503,0.11436939671206665,0.11615721527978809,0.11794503384750955,0.12003170298994369,0.12235400431628583,0.12627603978916033,0.1325134799478049,0.13932234867787816,0.14777407455080846,0.1562858196751968,0.1653224255219333,0.1751600594260697,0.18499769333020605,0.19520425004661504,0.20546029640857275,0.216067269348058,0.22706082450663784,0.2388298898692993,0.2520378515846503,0.26691297755337245,0.2827309059304141,0.29854883430745577,0.3152878667583111,0.3364700925784683,0.3634285323324747,0.39038697208648093,0.4225486138109309,0.4568670519409455,0.4914645309534492,0.5250208808706366,0.5616636367190576,0.6001708499491775,0.6379583040112619,0.6769006568144524,0.7227216748768505,0.7752380952380983,0.8258866995073922,0.8768226600985256,0.9293801313628934,1.0,,,,,,,,,,,,,,,,,,,,,,,,,,,,,,,,,,,,,,,,,,,
Unaided: Horizontal Average,101,TPF,0.0,0.01,0.02,0.03,0.04,0.05,0.060000000000000005,0.07,0.08,0.09,0.09999999999999999,0.10999999999999999,0.11999999999999998,0.12999999999999998,0.13999999999999999,0.15,0.16,0.17,0.18000000000000002,0.19000000000000003,0.20000000000000004,0.21000000000000005,0.22000000000000006,0.23000000000000007,0.24000000000000007,0.25000000000000006,0.26000000000000006,0.2700000000000001,0.2800000000000001,0.2900000000000001,0.3000000000000001,0.3100000000000001,0.3200000000000001,0.3300000000000001,0.34000000000000014,0.35000000000000014,0.36000000000000015,0.37000000000000016,0.38000000000000017,0.3900000000000002,0.4000000000000002,0.4100000000000002,0.4200000000000002,0.4300000000000002,0.4400000000000002,0.45000000000000023,0.46000000000000024,0.47000000000000025,0.48000000000000026,0.49000000000000027,0.5000000000000002,0.5100000000000002,0.5200000000000002,0.5300000000000002,0.5400000000000003,0.5500000000000003,0.5600000000000003,0.5700000000000003,0.5800000000000003,0.5900000000000003,0.6000000000000003,0.6100000000000003,0.6200000000000003,0.6300000000000003,0.6400000000000003,0.6500000000000004,0.6600000000000004,0.6700000000000004,0.6800000000000004,0.6900000000000004,0.7000000000000004,0.7100000000000004,0.7200000000000004,0.7300000000000004,0.7400000000000004,0.7500000000000004,0.7600000000000005,0.7700000000000005,0.7800000000000005,0.7900000000000005,0.8000000000000005,0.8100000000000005,0.8200000000000005,0.8300000000000005,0.8400000000000005,0.8500000000000005,0.8600000000000005,0.8700000000000006,0.8800000000000006,0.8900000000000006,0.9000000000000006,0.9100000000000006,0.9200000000000006,0.9300000000000006,0.9400000000000006,0.9500000000000006,0.9600000000000006,0.9700000000000006,0.9800000000000006,0.9900000000000007,1.0000000000000007,,,,,,,,,,,,,,,,,,,,,,,,,,,,,,,,,,,,,,,,,,,
Unaided: Diagonal Average,143,FPF,0.0,0.0014869284861349762,0.0029738569722699525,0.004460785458404927,0.005947713944539905,0.007434642430674886,0.00892157091680986,0.010408499402944832,0.01189542788907981,0.013382356375214781,0.014869284861349773,0.016356213347484758,0.017843141833619708,0.0193300703197547,0.020816998805889664,0.02263899938547055,0.024731043405540193,0.026823087425609834,0.028915131445679462,0.03100717546574909,0.03299476109547278,0.034738990248183874,0.03668402224122025,0.038437549328300985,0.04007810355484662,0.04167537585030612,0.043228544453493944,0.044883433073744095,0.046538321693994245,0.04819321031424442,0.04986478165330105,0.05203273645295936,0.054191232860975186,0.05628186734240853,0.05837250182384188,0.060523865847333325,0.0627112271223148,0.06489858839729623,0.06796041763383787,0.07121097337833046,0.07446152912282311,0.07774969074345073,0.08039959245594652,0.08294769925747814,0.08549580605900961,0.08804391286054122,0.09059201966207275,0.09314012646360437,0.09568823326513592,0.09823634006666751,0.10078444686819915,0.10377491706394615,0.10761631490666818,0.11197811034002725,0.11680443715142064,0.12163076396281408,0.12645709077420741,0.13142518365319383,0.13670053785257125,0.14293202598336097,0.14946768027388718,0.1560033345644134,0.16215479500820995,0.16816263771085288,0.17417048041349592,0.1801783231161389,0.18640345538493297,0.19415622659107873,0.2019089977972245,0.2098653806338736,0.218664088482666,0.22744437939166523,0.23618664859040206,0.24523609424634446,0.25442354199202466,0.2636109897377049,0.27279843748338506,0.2821669842853356,0.29225012680820855,0.3023612497929559,0.3125303194400523,0.32299186251349593,0.3334534055869397,0.34391494866038347,0.35437649173382724,0.36483803480727095,0.3752995778807147,0.3857611209541585,0.3962226640276023,0.406684207101046,0.4171457501744897,0.42760729324793345,0.43806883632137716,0.448530379394821,0.4589540638205428,0.46936945262821117,0.4797848414358796,0.49039455502903356,0.501122546986351,0.5118569727568549,0.5228321789744526,0.5338073851920501,0.5447825914096476,0.5557577976272452,0.5667330038448426,0.5778031269272672,0.5889240721860887,0.6001045233898286,0.6114496666742725,0.6227948099587164,0.6338868642373797,0.6448815874331273,0.6558763106288747,0.6672607698649602,0.6789390073059826,0.6906095100377965,0.7022558177168539,0.7139040030821013,0.7254897585778339,0.7370486887327466,0.7486076188876593,0.7601665490425719,0.7717254791974845,0.783284409352397,0.7948433395073096,0.8064022696622222,0.8179611998171348,0.8295201299720474,0.84107906012696,0.8526379902818726,0.8641969204367852,0.8758069262195318,0.8874257690999962,0.8990446119804607,0.9106634548609251,0.9222822977413896,0.9339011406218541,0.9456649406708613,0.9578482268154667,0.9701684209901844,0.9824886151649023,0.9948088093396198,1.0,
Unaided: Diagonal Average,143,TPF,0.0,0.012655207137595974,0.02531041427519195,0.03796562141278792,0.0506208285503839,0.06327603568797988,0.07593124282557585,0.08858644996317183,0.1012416571007678,0.11389686423836377,0.12655207137595972,0.1392072785135557,0.15186248565115168,0.16451769278874764,0.17717289992634364,0.1894930349704937,0.20154312657415502,0.21359321817781635,0.22564330978147767,0.237693401385139,0.24984795137914628,0.2622458578501662,0.2744429614808608,0.286831570017511,0.2993331514146963,0.3118780147429677,0.3244669817635109,0.33695422876699166,0.34944147577047247,0.36192872277395327,0.37439928705862763,0.3863734678827002,0.39835710709841543,0.410408608240713,0.42246010938301065,0.43445088098325013,0.4464056553319997,0.4583604296807492,0.46944073606793857,0.48033231594717685,0.49122389582641524,0.5020778698295185,0.5135701037407537,0.5251641325629531,0.5367581613851525,0.5483521902073519,0.5599462190295513,0.5715402478517507,0.58313427667395,0.5947283054961494,0.6063223343183488,0.6174739997463327,0.6277747375273417,0.6375550777177135,0.6468708865300511,0.6561866953423887,0.6655025041547262,0.6746765468994709,0.6835433283238244,0.6914539758167656,0.6990604571499703,0.7066669384831751,0.7146576136631095,0.7227919065841975,0.7309261995052854,0.7390604924263733,0.7469774957813103,0.7533668601988954,0.7597562246164806,0.7659419774035625,0.7712854051785011,0.7766472498932329,0.782047116318227,0.7871398062860155,0.7920944941640664,0.797049182042117,0.8020038699201678,0.8067774587419483,0.8108364518428063,0.8148674644817899,0.8188405304584245,0.8225211230087117,0.8262017155589989,0.8298823081092862,0.8335629006595735,0.8372434932098607,0.8409240857601478,0.8446046783104351,0.8482852708607223,0.8519658634110094,0.8556464559612966,0.8593270485115838,0.8630076410618711,0.8666882336121583,0.8704066848101675,0.8741334316262299,0.8778601784422925,0.8813926004728696,0.8848067441392832,0.8882144539925101,0.8913813833986435,0.8945483128047769,0.8977152422109104,0.9008821716170439,0.9040491010231771,0.9071211135644837,0.9101423039293931,0.9131039883493842,0.9159009806886712,0.9186979730279583,0.9217480543730259,0.9248954668010094,0.9280428792289928,0.9308005556166382,0.9332644537993469,0.935736086691264,0.9382319146359376,0.940725864894421,0.9432822450224193,0.9458654504912376,0.948448655960056,0.9510318614288744,0.9536150668976927,0.9561982723665111,0.9587814778353295,0.9613646833041479,0.9639478887729662,0.9665310942417846,0.969114299710603,0.9716975051794213,0.9742807106482397,0.976812840489224,0.9793361332324906,0.9818594259757571,0.9843827187190236,0.9869060114622901,0.9894293042055566,0.9918076397802803,0.9937664892594059,0.9955884307084192,0.9974103721574322,0.9992323136064456,1.0,
Unaided: Pooled Average,10,FPF,0.0,0.041050903119868636,0.054187192118226604,0.09195402298850575,0.14285714285714285,0.2791461412151067,0.3973727422003284,0.7307060755336617,0.8144499178981938,1.0,,,,,,,,,,,,,,,,,,,,,,,,,,,,,,,,,,,,,,,,,,,,,,,,,,,,,,,,,,,,,,,,,,,,,,,,,,,,,,,,,,,,,,,,,,,,,,,,,,,,,,,,,,,,,,,,,,,,,,,,,,,,,,,,,,,,,,
Unaided: Pooled Average,10,TPF,0.0,0.2872503840245776,0.3778801843317972,0.6359447004608295,0.7050691244239631,0.804915514592934,0.8417818740399385,0.9447004608294931,0.9585253456221198,1.0,,,,,,,,,,,,,,,,,,,,,,,,,,,,,,,,,,,,,,,,,,,,,,,,,,,,,,,,,,,,,,,,,,,,,,,,,,,,,,,,,,,,,,,,,,,,,,,,,,,,,,,,,,,,,,,,,,,,,,,,,,,,,,,,,,,,,,
